{
    "id": "CiscoDuoSecurity",
    "title": "Cisco Duo Security",
    "publisher": "Cisco",
    "descriptionMarkdown": "The Cisco Duo Security data connector provides the capability to ingest [authentication logs](https://duo.com/docs/adminapi#authentication-logs), [administrator logs](https://duo.com/docs/adminapi#administrator-logs), [telephony logs](https://duo.com/docs/adminapi#telephony-logs), [offline enrollment logs](https://duo.com/docs/adminapi#offline-enrollment-logs) and [Trust Monitor events](https://duo.com/docs/adminapi#trust-monitor) into Microsoft Sentinel using the Cisco Duo Admin API. Refer to [API documentation](https://duo.com/docs/adminapi) for more information.",
    "additionalRequirementBanner": ">This data connector depends on a parser based on a Kusto Function to work as expected [**CiscoDuo**](https://aka.ms/sentinel-CiscoDuoSecurity-parser) which is deployed with the Microsoft Sentinel Solution.",
    "graphQueries": [
        {
            "metricName": "Cisco Duo logs",
            "legend": "CiscoDuo_CL",
            "baseQuery": "CiscoDuo_CL"
        }
    ],
    "sampleQueries": [
        {
            "description": "All Cisco Duo logs",
            "query": "CiscoDuo_CL\n| sort by TimeGenerated desc"
        }
    ],
    "dataTypes": [
        {
            "name": "CiscoDuo_CL",
            "lastDataReceivedQuery": "CiscoDuo_CL\n            | summarize Time = max(TimeGenerated)\n            | where isnotempty(Time)"
        }
    ],
    "connectivityCriterias": [
        {
            "type": "IsConnectedQuery",
            "value": [
                "CiscoDuo_CL\n            | summarize LastLogReceived = max(TimeGenerated)\n            | project IsConnected = LastLogReceived > ago(1d)"
            ]
        }
    ],
    "availability": {
        "status": 1,
        "isPreview": false
    },
    "permissions": {
        "resourceProvider": [
            {
                "provider": "Microsoft.OperationalInsights/workspaces",
                "permissionsDisplayText": "read and write permissions on the workspace are required.",
                "providerDisplayName": "Workspace",
                "scope": "Workspace",
                "requiredPermissions": {
                    "write": true,
                    "read": true,
                    "delete": true
                }
            },
            {
                "provider": "Microsoft.OperationalInsights/workspaces/sharedKeys",
                "permissionsDisplayText": "read permissions to shared keys for the workspace are required. [See the documentation to learn more about workspace keys](https://docs.microsoft.com/azure/azure-monitor/platform/agent-windows#obtain-workspace-id-and-key).",
                "providerDisplayName": "Keys",
                "scope": "Workspace",
                "requiredPermissions": {
                    "action": true
                }
            }
        ],
        "customs": [
            {
                "name": "Microsoft.Web/sites permissions",
                "description": "Read and write permissions to Azure Functions to create a Function App is required. [See the documentation to learn more about Azure Functions](https://docs.microsoft.com/azure/azure-functions/)."
            },
            {
                "name": "Cisco Duo API credentials",
                "description": "Cisco Duo API credentials with permission *Grant read log* is required for Cisco Duo API. See the [documentation](https://duo.com/docs/adminapi#first-steps) to learn more about creating Cisco Duo API credentials."
            }
        ]
    },
    "instructionSteps": [
        {
            "title": "",
            "description": ">**NOTE:** This connector uses Azure Functions to connect to the Cisco Duo API to pull logs into Microsoft Sentinel. This might result in additional data ingestion costs. Check the [Azure Functions pricing page](https://azure.microsoft.com/pricing/details/functions/) for details."
        },
        {
            "title": "",
            "description": ">**(Optional Step)** Securely store workspace and API authorization key(s) or token(s) in Azure Key Vault. Azure Key Vault provides a secure mechanism to store and retrieve key values. [Follow these instructions](https://docs.microsoft.com/azure/app-service/app-service-key-vault-references) to use Azure Key Vault with an Azure Function App."
        },
        {
            "title": "",
            "description": ">**NOTE:** This data connector depends on a parser based on a Kusto Function to work as expected [**CiscoDuo**](https://aka.ms/sentinel-CiscoDuoSecurity-parser) which is deployed with the Microsoft Sentinel Solution."
        },
        {
            "title": "",
            "description": "**STEP 1 - Obtaining Cisco Duo Admin API credentials**\n\n1. Follow [the instructions](https://duo.com/docs/adminapi#first-steps) to obtain **integration key**, **secret key**, and **API hostname**. Use **Grant read log** permission in the 4th step of [the instructions](https://duo.com/docs/adminapi#first-steps)."
        },
        {
            "title": "",
            "description": "**STEP 2 - Choose ONE from the following two deployment options to deploy the connector and the associated Azure Function**\n\n>**IMPORTANT:** Before deploying the data connector, have the Workspace ID and Workspace Primary Key (can be copied from the following), as well as Azure Blob Storage connection string and container name, readily available.",
            "instructions": [
                {
                    "parameters": {
                        "fillWith": [
                            "WorkspaceId"
                        ],
                        "label": "Workspace ID"
                    },
                    "type": "CopyableLabel"
                },
                {
                    "parameters": {
                        "fillWith": [
                            "PrimaryKey"
                        ],
                        "label": "Primary Key"
                    },
                    "type": "CopyableLabel"
                }
            ]
        },
        {
            "title": "Option 1 - Azure Resource Manager (ARM) Template",
            "description": "Use this method for automated deployment of the data connector using an ARM Template.\n\n1. Click the **Deploy to Azure** button below. \n\n\t[![Deploy To Azure](https://aka.ms/deploytoazurebutton)](https://aka.ms/sentinel-CiscoDuoSecurity-azuredeploy) [![Deploy to Azure Gov](https://aka.ms/deploytoazuregovbutton)](https://aka.ms/sentinel-CiscoDuoSecurity-azuredeploy-gov)\n2. Select the preferred **Subscription**, **Resource Group** and **Location**. \n3. Enter the **Cisco Duo Integration Key**, **Cisco Duo Secret Key**, **Cisco Duo API Hostname**, **Cisco Duo Log Types**, **Microsoft Sentinel Workspace Id**, **Microsoft Sentinel Shared Key**\n4. Mark the checkbox labeled **I agree to the terms and conditions stated above**.\n5. Click **Purchase** to deploy."
        },
        {
            "title": "Option 2 - Manual Deployment of Azure Functions",
            "description": "Use the following step-by-step instructions to deploy the data connector manually with Azure Functions (Deployment via Visual Studio Code).",
            "instructions": [
                {
                    "parameters": {
                        "instructionSteps": [
                            {
                                "title": "Step 1 - Deploy a Function App",
                                "description": "1. Download the [Azure Function App](https://aka.ms/sentinel-CiscoDuoSecurity-functionapp) file. Extract archive to your local development computer.\n2. Follow the [function app manual deployment instructions](https://github.com/Azure/Azure-Sentinel/blob/master/DataConnectors/AzureFunctionsManualDeployment.md#function-app-manual-deployment-instructions) to deploy the Azure Functions app using VSCode.\n3. After successful deployment of the function app, follow next steps for configuring it."
                            },
                            {
                                "title": "Step 2 - Configure the Function App",
                                "description": "1. In the Function App, select the Function App Name and select **Configuration**.\n2. In the **Application settings** tab, select **+ New application setting**.\n3. Add each of the following application settings individually, with their respective string values (case-sensitive): \n\t\tCISCO_DUO_INTEGRATION_KEY\n\t\tCISCO_DUO_SECRET_KEY\n\t\tCISCO_DUO_API_HOSTNAME\n\t\tCISCO_DUO_LOG_TYPES\n\t\tWORKSPACE_ID\n\t\tSHARED_KEY\n\t\tlogAnalyticsUri (Optional)\n - Use logAnalyticsUri to override the log analytics API endpoint for dedicated cloud. For example, for public cloud, leave the value empty; for Azure GovUS cloud environment, specify the value in the following format: `https://WORKSPACE_ID.ods.opinsights.azure.us`. \n4. Once all application settings have been entered, click **Save**."
                            }
                        ]
                    },
                    "type": "InstructionStepsGroup"
                }
            ]
        }
    ]
}